pdb_name,processed_path,raw_path,num_chains,quaternary_category,seq_len,modeled_seq_len,coil_percent,helix_percent,strand_percent,radius_gyration,splits
1kbv.A,/wynton/group/kortemme/alexjli/data/framediff_ingraham/pdb_pkls/1kbv.A.pkl,pdb_chains/kb/1kbv.A.pdb,1,homomer,683,302,0.44370860927152317,0.08940397350993377,0.46688741721854304,1.9585818557194332,train
3kb9.A,/wynton/group/kortemme/alexjli/data/framediff_ingraham/pdb_pkls/3kb9.A.pkl,pdb_chains/kb/3kb9.A.pdb,1,homomer,781,340,0.2529411764705882,0.7470588235294118,0.0,1.9723898350516718,train
2kbb.A,/wynton/group/kortemme/alexjli/data/framediff_ingraham/pdb_pkls/2kbb.A.pkl,pdb_chains/kb/2kbb.A.pdb,1,homomer,174,174,0.20689655172413793,0.7931034482758621,0.0,1.6486023317147391,train
1kbp.A,/wynton/group/kortemme/alexjli/data/framediff_ingraham/pdb_pkls/1kbp.A.pkl,pdb_chains/kb/1kbp.A.pdb,1,homomer,449,424,0.535377358490566,0.16273584905660377,0.3018867924528302,2.1331139338843834,train
4uhc.A,/wynton/group/kortemme/alexjli/data/framediff_ingraham/pdb_pkls/4uhc.A.pkl,pdb_chains/uh/4uhc.A.pdb,1,homomer,716,278,0.3237410071942446,0.49640287769784175,0.17985611510791366,1.817325465489206,train
3uhf.B,/wynton/group/kortemme/alexjli/data/framediff_ingraham/pdb_pkls/3uhf.B.pkl,pdb_chains/uh/3uhf.B.pdb,1,homomer,414,249,0.3493975903614458,0.4859437751004016,0.1686746987951807,1.766639286900497,train
3uh0.A,/wynton/group/kortemme/alexjli/data/framediff_ingraham/pdb_pkls/3uh0.A.pkl,pdb_chains/uh/3uh0.A.pdb,1,homomer,741,420,0.3880952380952381,0.38333333333333336,0.23095238095238096,2.4917209669657825,train
1uhv.A,/wynton/group/kortemme/alexjli/data/framediff_ingraham/pdb_pkls/1uhv.A.pkl,pdb_chains/uh/1uhv.A.pdb,1,homomer,748,500,0.432,0.314,0.254,2.4877401857849546,train
1uht.A,/wynton/group/kortemme/alexjli/data/framediff_ingraham/pdb_pkls/1uht.A.pkl,pdb_chains/uh/1uht.A.pdb,1,homomer,118,118,0.6440677966101694,0.0,0.3559322033898305,1.3980362773251394,train
1uhr.A,/wynton/group/kortemme/alexjli/data/framediff_ingraham/pdb_pkls/1uhr.A.pkl,pdb_chains/uh/1uhr.A.pdb,1,homomer,93,93,0.5053763440860215,0.34408602150537637,0.15053763440860216,1.4255227071939414,train
1uhw.A,/wynton/group/kortemme/alexjli/data/framediff_ingraham/pdb_pkls/1uhw.A.pkl,pdb_chains/uh/1uhw.A.pdb,1,homomer,109,109,0.5045871559633027,0.3761467889908257,0.11926605504587157,1.3311217707148664,train
1uhp.A,/wynton/group/kortemme/alexjli/data/framediff_ingraham/pdb_pkls/1uhp.A.pkl,pdb_chains/uh/1uhp.A.pdb,1,homomer,107,107,0.5700934579439252,0.14953271028037382,0.2803738317757009,1.4390771777564737,train
4uht.A,/wynton/group/kortemme/alexjli/data/framediff_ingraham/pdb_pkls/4uht.A.pkl,pdb_chains/uh/4uht.A.pdb,1,homomer,308,102,0.46078431372549017,0.3235294117647059,0.21568627450980393,1.4050084619916727,train
1uh9.A,/wynton/group/kortemme/alexjli/data/framediff_ingraham/pdb_pkls/1uh9.A.pkl,pdb_chains/uh/1uh9.A.pdb,1,homomer,711,325,0.39692307692307693,0.13846153846153847,0.4646153846153846,2.047617055576731,val
3k4u.A,/wynton/group/kortemme/alexjli/data/framediff_ingraham/pdb_pkls/3k4u.A.pkl,pdb_chains/k4/3k4u.A.pdb,1,homomer,256,234,0.3717948717948718,0.38461538461538464,0.24358974358974358,1.8156300186406065,train
2k4d.A,/wynton/group/kortemme/alexjli/data/framediff_ingraham/pdb_pkls/2k4d.A.pkl,pdb_chains/k4/2k4d.A.pdb,1,homomer,85,83,0.7349397590361446,0.0963855421686747,0.1686746987951807,2.1441230015194934,train
1k4k.B,/wynton/group/kortemme/alexjli/data/framediff_ingraham/pdb_pkls/1k4k.B.pkl,pdb_chains/k4/1k4k.B.pdb,1,homomer,323,204,0.47058823529411764,0.36764705882352944,0.16176470588235295,1.7263253997822294,train
2k4m.A,/wynton/group/kortemme/alexjli/data/framediff_ingraham/pdb_pkls/2k4m.A.pkl,pdb_chains/k4/2k4m.A.pdb,1,homomer,153,153,0.5098039215686274,0.24183006535947713,0.24836601307189543,1.5955057595548565,train
3k4g.A,/wynton/group/kortemme/alexjli/data/framediff_ingraham/pdb_pkls/3k4g.A.pkl,pdb_chains/k4/3k4g.A.pdb,1,homomer,131,83,0.5060240963855421,0.4819277108433735,0.024096385542168676,1.3931078192006423,train
2k4q.A,/wynton/group/kortemme/alexjli/data/framediff_ingraham/pdb_pkls/2k4q.A.pkl,pdb_chains/k4/2k4q.A.pdb,1,homomer,156,156,0.6474358974358975,0.0641025641025641,0.28846153846153844,1.8632913122782475,train
2k4y.A,/wynton/group/kortemme/alexjli/data/framediff_ingraham/pdb_pkls/2k4y.A.pkl,pdb_chains/k4/2k4y.A.pdb,1,homomer,86,86,0.46511627906976744,0.1744186046511628,0.36046511627906974,1.3066899416797588,train
3k4z.A,/wynton/group/kortemme/alexjli/data/framediff_ingraham/pdb_pkls/3k4z.A.pkl,pdb_chains/k4/3k4z.A.pdb,1,homomer,551,275,0.49818181818181817,0.03272727272727273,0.4690909090909091,2.1109313042328077,train
1k4z.A,/wynton/group/kortemme/alexjli/data/framediff_ingraham/pdb_pkls/1k4z.A.pkl,pdb_chains/k4/1k4z.A.pdb,1,homomer,241,157,0.3630573248407643,0.01910828025477707,0.6178343949044586,1.7507229983788228,train
4k47.A,/wynton/group/kortemme/alexjli/data/framediff_ingraham/pdb_pkls/4k47.A.pkl,pdb_chains/k4/4k47.A.pdb,1,homomer,323,183,0.46994535519125685,0.3005464480874317,0.22950819672131148,1.6118656057794485,train
2k47.A,/wynton/group/kortemme/alexjli/data/framediff_ingraham/pdb_pkls/2k47.A.pkl,pdb_chains/k4/2k47.A.pdb,1,homomer,73,73,0.4383561643835616,0.3972602739726027,0.1643835616438356,1.2356725369841142,train
3k4o.A,/wynton/group/kortemme/alexjli/data/framediff_ingraham/pdb_pkls/3k4o.A.pkl,pdb_chains/k4/3k4o.A.pdb,1,homomer,353,260,0.3730769230769231,0.4,0.22692307692307692,1.8563875650569497,train
2k4t.A,/wynton/group/kortemme/alexjli/data/framediff_ingraham/pdb_pkls/2k4t.A.pkl,pdb_chains/k4/2k4t.A.pdb,1,homomer,285,285,0.39649122807017545,0.010526315789473684,0.5929824561403508,2.1974329684369702,train
2k4b.A,/wynton/group/kortemme/alexjli/data/framediff_ingraham/pdb_pkls/2k4b.A.pkl,pdb_chains/k4/2k4b.A.pdb,1,homomer,69,69,0.37681159420289856,0.4492753623188406,0.17391304347826086,1.2514285952969537,train
4k4k.A,/wynton/group/kortemme/alexjli/data/framediff_ingraham/pdb_pkls/4k4k.A.pkl,pdb_chains/k4/4k4k.A.pdb,1,homomer,498,256,0.48046875,0.05078125,0.46875,2.172311913191018,train
2k4j.A,/wynton/group/kortemme/alexjli/data/framediff_ingraham/pdb_pkls/2k4j.A.pkl,pdb_chains/k4/2k4j.A.pdb,1,homomer,105,105,0.4380952380952381,0.3523809523809524,0.20952380952380953,1.4170456190953733,train
1k42.A,/wynton/group/kortemme/alexjli/data/framediff_ingraham/pdb_pkls/1k42.A.pkl,pdb_chains/k4/1k42.A.pdb,1,homomer,168,168,0.4583333333333333,0.03571428571428571,0.5059523809523809,1.5008709364781698,train
2k4p.A,/wynton/group/kortemme/alexjli/data/framediff_ingraham/pdb_pkls/2k4p.A.pkl,pdb_chains/k4/2k4p.A.pdb,1,homomer,65,65,0.4461538461538462,0.5538461538461539,0.0,1.1146294751738672,train
3k4h.A,/wynton/group/kortemme/alexjli/data/framediff_ingraham/pdb_pkls/3k4h.A.pkl,pdb_chains/k4/3k4h.A.pdb,1,homomer,297,282,0.3971631205673759,0.42907801418439717,0.17375886524822695,1.9825131593163998,train
1k47.A,/wynton/group/kortemme/alexjli/data/framediff_ingraham/pdb_pkls/1k47.A.pkl,pdb_chains/k4/1k47.A.pdb,1,homomer,450,322,0.32608695652173914,0.4503105590062112,0.2236024844720497,2.0610058616915947,train
2k4r.A,/wynton/group/kortemme/alexjli/data/framediff_ingraham/pdb_pkls/2k4r.A.pkl,pdb_chains/k4/2k4r.A.pdb,1,homomer,77,77,0.6753246753246753,0.07792207792207792,0.24675324675324675,1.1768466334670566,train
3k4i.A,/wynton/group/kortemme/alexjli/data/framediff_ingraham/pdb_pkls/3k4i.A.pkl,pdb_chains/k4/3k4i.A.pdb,1,homomer,339,201,0.39303482587064675,0.3383084577114428,0.2736318407960199,1.8158462846405612,train
2k4z.A,/wynton/group/kortemme/alexjli/data/framediff_ingraham/pdb_pkls/2k4z.A.pkl,pdb_chains/k4/2k4z.A.pdb,1,homomer,125,125,0.536,0.136,0.328,1.706379373534573,val
2k4v.A,/wynton/group/kortemme/alexjli/data/framediff_ingraham/pdb_pkls/2k4v.A.pkl,pdb_chains/k4/2k4v.A.pdb,1,homomer,125,125,0.392,0.28,0.328,1.7219038724046898,train
2k49.A,/wynton/group/kortemme/alexjli/data/framediff_ingraham/pdb_pkls/2k49.A.pkl,pdb_chains/k4/2k49.A.pdb,1,homomer,118,118,0.4152542372881356,0.2627118644067797,0.3220338983050847,1.4137486605139045,train
3k44.B,/wynton/group/kortemme/alexjli/data/framediff_ingraham/pdb_pkls/3k44.B.pkl,pdb_chains/k4/3k44.B.pdb,1,homomer,180,140,0.22857142857142856,0.2714285714285714,0.5,1.5247790909994545,test
1k4n.A,/wynton/group/kortemme/alexjli/data/framediff_ingraham/pdb_pkls/1k4n.A.pkl,pdb_chains/k4/1k4n.A.pdb,1,homomer,436,183,0.33879781420765026,0.32786885245901637,0.3333333333333333,1.6562458177423713,test
2k4n.A,/wynton/group/kortemme/alexjli/data/framediff_ingraham/pdb_pkls/2k4n.A.pkl,pdb_chains/k4/2k4n.A.pdb,1,homomer,111,111,0.44144144144144143,0.2882882882882883,0.2702702702702703,1.8317948693734223,val
2yrr.A,/wynton/group/kortemme/alexjli/data/framediff_ingraham/pdb_pkls/2yrr.A.pkl,pdb_chains/yr/2yrr.A.pdb,1,homomer,722,352,0.3977272727272727,0.4460227272727273,0.15625,2.0818564357686213,train
1yr7.A,/wynton/group/kortemme/alexjli/data/framediff_ingraham/pdb_pkls/1yr7.A.pkl,pdb_chains/yr/1yr7.A.pdb,1,homomer,330,243,0.34156378600823045,0.5308641975308642,0.12757201646090535,1.8954046419398696,train
2yrn.A,/wynton/group/kortemme/alexjli/data/framediff_ingraham/pdb_pkls/2yrn.A.pkl,pdb_chains/yr/2yrn.A.pdb,1,homomer,129,129,0.4496124031007752,0.5503875968992248,0.0,1.4956509621180443,train
1yr1.A,/wynton/group/kortemme/alexjli/data/framediff_ingraham/pdb_pkls/1yr1.A.pkl,pdb_chains/yr/1yr1.A.pdb,1,homomer,119,119,0.46218487394957986,0.2773109243697479,0.2605042016806723,1.3903778861854925,train
2yrk.A,/wynton/group/kortemme/alexjli/data/framediff_ingraham/pdb_pkls/2yrk.A.pkl,pdb_chains/yr/2yrk.A.pdb,1,homomer,56,55,0.7454545454545455,0.2545454545454545,0.0,1.7682581577343894,train
1yrx.C,/wynton/group/kortemme/alexjli/data/framediff_ingraham/pdb_pkls/1yrx.C.pkl,pdb_chains/yr/1yrx.C.pdb,1,homomer,140,115,0.3391304347826087,0.2956521739130435,0.3652173913043478,1.6020446459655018,train
1yrl.A,/wynton/group/kortemme/alexjli/data/framediff_ingraham/pdb_pkls/1yrl.A.pkl,pdb_chains/yr/1yrl.A.pdb,1,homomer,676,487,0.2648870636550308,0.6529774127310062,0.08213552361396304,2.288161869311525,train
2yr3.A,/wynton/group/kortemme/alexjli/data/framediff_ingraham/pdb_pkls/2yr3.A.pkl,pdb_chains/yr/2yr3.A.pdb,1,homomer,99,99,0.5151515151515151,0.0,0.48484848484848486,1.539567050353866,train
2yra.A,/wynton/group/kortemme/alexjli/data/framediff_ingraham/pdb_pkls/2yra.A.pkl,pdb_chains/yr/2yra.A.pdb,1,homomer,74,74,0.7027027027027027,0.0,0.2972972972972973,1.5282744763286489,train
2yre.A,/wynton/group/kortemme/alexjli/data/framediff_ingraham/pdb_pkls/2yre.A.pkl,pdb_chains/yr/2yre.A.pdb,1,homomer,104,100,0.66,0.22,0.12,1.996003016892607,train
1yrw.A,/wynton/group/kortemme/alexjli/data/framediff_ingraham/pdb_pkls/1yrw.A.pkl,pdb_chains/yr/1yrw.A.pdb,1,homomer,564,291,0.4054982817869416,0.30927835051546393,0.2852233676975945,2.1725891712797654,train
2yrv.A,/wynton/group/kortemme/alexjli/data/framediff_ingraham/pdb_pkls/2yrv.A.pkl,pdb_chains/yr/2yrv.A.pdb,1,homomer,117,117,0.6239316239316239,0.1794871794871795,0.19658119658119658,1.4917655588317436,train
2yrm.A,/wynton/group/kortemme/alexjli/data/framediff_ingraham/pdb_pkls/2yrm.A.pkl,pdb_chains/yr/2yrm.A.pdb,1,homomer,44,43,0.6976744186046512,0.2558139534883721,0.046511627906976744,1.2492927621757683,train
2yrl.A,/wynton/group/kortemme/alexjli/data/framediff_ingraham/pdb_pkls/2yrl.A.pkl,pdb_chains/yr/2yrl.A.pdb,1,homomer,102,102,0.5686274509803921,0.0,0.43137254901960786,1.5591119841090628,train
2yrz.A,/wynton/group/kortemme/alexjli/data/framediff_ingraham/pdb_pkls/2yrz.A.pkl,pdb_chains/yr/2yrz.A.pdb,1,homomer,118,118,0.5847457627118644,0.0,0.4152542372881356,1.7940565014283312,train
2yr1.A,/wynton/group/kortemme/alexjli/data/framediff_ingraham/pdb_pkls/2yr1.A.pkl,pdb_chains/yr/2yr1.A.pdb,1,homomer,329,257,0.36186770428015563,0.4396887159533074,0.19844357976653695,1.741938772774609,train
2yrb.A,/wynton/group/kortemme/alexjli/data/framediff_ingraham/pdb_pkls/2yrb.A.pkl,pdb_chains/yr/2yrb.A.pdb,1,homomer,156,156,0.46794871794871795,0.1282051282051282,0.40384615384615385,1.7386240289450332,train
1yre.C,/wynton/group/kortemme/alexjli/data/framediff_ingraham/pdb_pkls/1yre.C.pkl,pdb_chains/yr/1yre.C.pdb,1,homomer,300,182,0.2967032967032967,0.34615384615384615,0.35714285714285715,1.5772696677738876,train
4yrb.A,/wynton/group/kortemme/alexjli/data/framediff_ingraham/pdb_pkls/4yrb.A.pkl,pdb_chains/yr/4yrb.A.pdb,1,homomer,207,206,0.33980582524271846,0.5048543689320388,0.1553398058252427,1.6423563057801913,train
1yrv.A,/wynton/group/kortemme/alexjli/data/framediff_ingraham/pdb_pkls/1yrv.A.pkl,pdb_chains/yr/1yrv.A.pdb,1,homomer,229,153,0.45098039215686275,0.37254901960784315,0.17647058823529413,1.6835860913686562,val
3m2p.A,/wynton/group/kortemme/alexjli/data/framediff_ingraham/pdb_pkls/3m2p.A.pkl,pdb_chains/m2/3m2p.A.pdb,1,homomer,314,287,0.40069686411149824,0.39372822299651566,0.20557491289198607,1.9557859964704962,train
1m2x.A,/wynton/group/kortemme/alexjli/data/framediff_ingraham/pdb_pkls/1m2x.A.pkl,pdb_chains/m2/1m2x.A.pdb,1,homomer,410,219,0.4063926940639269,0.2648401826484018,0.3287671232876712,1.6771034068440485,train
4m20.A,/wynton/group/kortemme/alexjli/data/framediff_ingraham/pdb_pkls/4m20.A.pkl,pdb_chains/m2/4m20.A.pdb,1,homomer,179,121,0.2975206611570248,0.2231404958677686,0.4793388429752066,1.5139328044383582,train
1m2k.A,/wynton/group/kortemme/alexjli/data/framediff_ingraham/pdb_pkls/1m2k.A.pkl,pdb_chains/m2/1m2k.A.pdb,1,homomer,598,249,0.40160642570281124,0.41767068273092367,0.18072289156626506,1.9142418050287695,train
2m2d.A,/wynton/group/kortemme/alexjli/data/framediff_ingraham/pdb_pkls/2m2d.A.pkl,pdb_chains/m2/2m2d.A.pdb,1,homomer,118,118,0.4745762711864407,0.025423728813559324,0.5,1.4986395448801872,train
4m2m.A,/wynton/group/kortemme/alexjli/data/framediff_ingraham/pdb_pkls/4m2m.A.pkl,pdb_chains/m2/4m2m.A.pdb,1,homomer,912,382,0.387434554973822,0.46335078534031415,0.14659685863874344,2.1340164832616253,train
3m2w.A,/wynton/group/kortemme/alexjli/data/framediff_ingraham/pdb_pkls/3m2w.A.pkl,pdb_chains/m2/3m2w.A.pdb,1,homomer,427,290,0.3931034482758621,0.40344827586206894,0.20344827586206896,1.9737575304257025,train
2m2k.A,/wynton/group/kortemme/alexjli/data/framediff_ingraham/pdb_pkls/2m2k.A.pkl,pdb_chains/m2/2m2k.A.pdb,1,homomer,131,131,0.5572519083969466,0.2366412213740458,0.20610687022900764,1.9870679422383803,train
3m21.F,/wynton/group/kortemme/alexjli/data/framediff_ingraham/pdb_pkls/3m21.F.pkl,pdb_chains/m2/3m21.F.pdb,1,homomer,121,67,0.34328358208955223,0.3880597014925373,0.26865671641791045,1.5143488386604915,train
3m20.A,/wynton/group/kortemme/alexjli/data/framediff_ingraham/pdb_pkls/3m20.A.pkl,pdb_chains/m2/3m20.A.pdb,1,homomer,65,59,0.3898305084745763,0.3728813559322034,0.23728813559322035,1.3885906844216673,train
1m2a.A,/wynton/group/kortemme/alexjli/data/framediff_ingraham/pdb_pkls/1m2a.A.pkl,pdb_chains/m2/1m2a.A.pdb,1,homomer,203,103,0.44660194174757284,0.33980582524271846,0.21359223300970873,1.3467760979957906,test
2m2j.A,/wynton/group/kortemme/alexjli/data/framediff_ingraham/pdb_pkls/2m2j.A.pkl,pdb_chains/m2/2m2j.A.pdb,1,homomer,71,71,0.3380281690140845,0.2676056338028169,0.39436619718309857,1.220778667201709,train
1m2t.B,/wynton/group/kortemme/alexjli/data/framediff_ingraham/pdb_pkls/1m2t.B.pkl,pdb_chains/m2/1m2t.B.pdb,1,homomer,571,262,0.5152671755725191,0.1297709923664122,0.3549618320610687,2.0225642441662477,train
1uyp.A,/wynton/group/kortemme/alexjli/data/framediff_ingraham/pdb_pkls/1uyp.A.pkl,pdb_chains/uy/1uyp.A.pdb,1,homomer,727,432,0.38425925925925924,0.03009259259259259,0.5856481481481481,2.2014280787246028,train
3uyk.A,/wynton/group/kortemme/alexjli/data/framediff_ingraham/pdb_pkls/3uyk.A.pkl,pdb_chains/uy/3uyk.A.pdb,1,homomer,633,373,0.3672922252010724,0.4879356568364611,0.1447721179624665,2.0885447211940558,train
4uy9.A,/wynton/group/kortemme/alexjli/data/framediff_ingraham/pdb_pkls/4uy9.A.pkl,pdb_chains/uy/4uy9.A.pdb,1,homomer,402,313,0.3961661341853035,0.46006389776357826,0.14376996805111822,2.0292335942511435,train
1uyn.X,/wynton/group/kortemme/alexjli/data/framediff_ingraham/pdb_pkls/1uyn.X.pkl,pdb_chains/uy/1uyn.X.pdb,1,homomer,311,279,0.21863799283154123,0.08243727598566308,0.6989247311827957,1.9492197579802546,train
4uyp.B,/wynton/group/kortemme/alexjli/data/framediff_ingraham/pdb_pkls/4uyp.B.pkl,pdb_chains/uy/4uyp.B.pdb,1,homomer,187,73,0.5753424657534246,0.4246575342465753,0.0,1.1874135793514764,train
3uyi.A,/wynton/group/kortemme/alexjli/data/framediff_ingraham/pdb_pkls/3uyi.A.pkl,pdb_chains/uy/3uyi.A.pdb,1,homomer,362,313,0.3961661341853035,0.3961661341853035,0.20766773162939298,2.024747468473015,train
4uy8.X,/wynton/group/kortemme/alexjli/data/framediff_ingraham/pdb_pkls/4uy8.X.pkl,pdb_chains/uy/4uy8.X.pdb,1,homomer,77,77,0.5714285714285714,0.22077922077922077,0.2077922077922078,1.6426684424373201,train
2uy2.A,/wynton/group/kortemme/alexjli/data/framediff_ingraham/pdb_pkls/2uy2.A.pkl,pdb_chains/uy/2uy2.A.pdb,1,homomer,550,287,0.47038327526132406,0.3240418118466899,0.20557491289198607,1.8013965620692014,train
3uyj.A,/wynton/group/kortemme/alexjli/data/framediff_ingraham/pdb_pkls/3uyj.A.pkl,pdb_chains/uy/3uyj.A.pdb,1,homomer,367,238,0.41596638655462187,0.2605042016806723,0.3235294117647059,1.7721662960268239,train
4uyp.A,/wynton/group/kortemme/alexjli/data/framediff_ingraham/pdb_pkls/4uyp.A.pkl,pdb_chains/uy/4uyp.A.pdb,1,homomer,393,144,0.4444444444444444,0.020833333333333332,0.5347222222222222,1.66198915366217,train
2uyy.A,/wynton/group/kortemme/alexjli/data/framediff_ingraham/pdb_pkls/2uyy.A.pkl,pdb_chains/uy/2uyy.A.pdb,1,homomer,385,292,0.3082191780821918,0.5582191780821918,0.13356164383561644,1.9925193028485098,train
2uyo.A,/wynton/group/kortemme/alexjli/data/framediff_ingraham/pdb_pkls/2uyo.A.pkl,pdb_chains/uy/2uyo.A.pdb,1,homomer,486,275,0.4,0.44727272727272727,0.14909090909090908,1.789245506889249,train
2uy6.C,/wynton/group/kortemme/alexjli/data/framediff_ingraham/pdb_pkls/2uy6.C.pkl,pdb_chains/uy/2uy6.C.pdb,1,homomer,179,144,0.5208333333333334,0.0625,0.4166666666666667,1.686433523598445,train
4uy8.5,/wynton/group/kortemme/alexjli/data/framediff_ingraham/pdb_pkls/4uy8.5.pkl,pdb_chains/uy/4uy8.5.pdb,1,homomer,148,148,0.6148648648648649,0.3581081081081081,0.02702702702702703,1.7453735442780205,train
1uyj.A,/wynton/group/kortemme/alexjli/data/framediff_ingraham/pdb_pkls/1uyj.A.pkl,pdb_chains/uy/1uyj.A.pdb,1,homomer,287,273,0.3553113553113553,0.09523809523809523,0.5494505494505495,3.2230495479358754,test
2uy1.A,/wynton/group/kortemme/alexjli/data/framediff_ingraham/pdb_pkls/2uy1.A.pkl,pdb_chains/uy/2uy1.A.pdb,1,homomer,659,438,0.2625570776255708,0.728310502283105,0.0091324200913242,3.0991991983438156,train
3bje.A,/wynton/group/kortemme/alexjli/data/framediff_ingraham/pdb_pkls/3bje.A.pkl,pdb_chains/bj/3bje.A.pdb,1,homomer,563,327,0.382262996941896,0.3547400611620795,0.26299694189602446,2.0107175070676364,train
3bjn.A,/wynton/group/kortemme/alexjli/data/framediff_ingraham/pdb_pkls/3bjn.A.pkl,pdb_chains/bj/3bjn.A.pdb,1,homomer,364,162,0.3148148148148148,0.41975308641975306,0.2654320987654321,1.5390760893969972,train
3bja.A,/wynton/group/kortemme/alexjli/data/framediff_ingraham/pdb_pkls/3bja.A.pkl,pdb_chains/bj/3bja.A.pdb,1,homomer,152,139,0.22302158273381295,0.6906474820143885,0.08633093525179857,1.8273018612360932,train
4bja.A,/wynton/group/kortemme/alexjli/data/framediff_ingraham/pdb_pkls/4bja.A.pkl,pdb_chains/bj/4bja.A.pdb,1,homomer,298,182,0.24725274725274726,0.7417582417582418,0.01098901098901099,1.6566192535162865,train
3bjr.A,/wynton/group/kortemme/alexjli/data/framediff_ingraham/pdb_pkls/3bjr.A.pkl,pdb_chains/bj/3bjr.A.pdb,1,homomer,388,244,0.38114754098360654,0.3975409836065574,0.22131147540983606,1.655678432199301,train
4bj8.K,/wynton/group/kortemme/alexjli/data/framediff_ingraham/pdb_pkls/4bj8.K.pkl,pdb_chains/bj/4bj8.K.pdb,1,homomer,156,120,0.425,0.041666666666666664,0.5333333333333333,1.506638460225266,train
4bjy.A,/wynton/group/kortemme/alexjli/data/framediff_ingraham/pdb_pkls/4bjy.A.pkl,pdb_chains/bj/4bjy.A.pdb,1,homomer,673,393,0.34096692111959287,0.3994910941475827,0.2595419847328244,2.129680517950008,train
3bjo.A,/wynton/group/kortemme/alexjli/data/framediff_ingraham/pdb_pkls/3bjo.A.pkl,pdb_chains/bj/3bjo.A.pdb,1,homomer,155,103,0.2815533980582524,0.5436893203883495,0.17475728155339806,1.4782650249490066,train
3bjb.A,/wynton/group/kortemme/alexjli/data/framediff_ingraham/pdb_pkls/3bjb.A.pkl,pdb_chains/bj/3bjb.A.pdb,1,homomer,181,175,0.24571428571428572,0.7542857142857143,0.0,1.7618463746870279,train
3bjd.A,/wynton/group/kortemme/alexjli/data/framediff_ingraham/pdb_pkls/3bjd.A.pkl,pdb_chains/bj/3bjd.A.pdb,1,homomer,645,321,0.27414330218068533,0.7258566978193146,0.0,2.0245294519671853,train
4bjz.A,/wynton/group/kortemme/alexjli/data/framediff_ingraham/pdb_pkls/4bjz.A.pkl,pdb_chains/bj/4bjz.A.pdb,1,homomer,847,395,0.34430379746835443,0.3949367088607595,0.2607594936708861,2.1436654683132956,train
2bj3.D,/wynton/group/kortemme/alexjli/data/framediff_ingraham/pdb_pkls/2bj3.D.pkl,pdb_chains/bj/2bj3.D.pdb,1,homomer,160,131,0.2748091603053435,0.4351145038167939,0.2824427480916031,1.9069448154474542,train
3bj6.A,/wynton/group/kortemme/alexjli/data/framediff_ingraham/pdb_pkls/3bj6.A.pkl,pdb_chains/bj/3bj6.A.pdb,1,homomer,366,152,0.21710526315789475,0.7171052631578947,0.06578947368421052,1.9856452112614962,train
2bj0.A,/wynton/group/kortemme/alexjli/data/framediff_ingraham/pdb_pkls/2bj0.A.pkl,pdb_chains/bj/2bj0.A.pdb,1,homomer,283,203,0.43842364532019706,0.08866995073891626,0.4729064039408867,1.8836423647225622,train
3bj9.1,/wynton/group/kortemme/alexjli/data/framediff_ingraham/pdb_pkls/3bj9.1.pkl,pdb_chains/bj/3bj9.1.pdb,1,homomer,230,116,0.41379310344827586,0.07758620689655173,0.5086206896551724,1.3841351792924104,train
1bjf.A,/wynton/group/kortemme/alexjli/data/framediff_ingraham/pdb_pkls/1bjf.A.pkl,pdb_chains/bj/1bjf.A.pdb,1,homomer,212,181,0.35911602209944754,0.585635359116022,0.055248618784530384,1.810524564976812,train
4bjq.A,/wynton/group/kortemme/alexjli/data/framediff_ingraham/pdb_pkls/4bjq.A.pkl,pdb_chains/bj/4bjq.A.pdb,1,homomer,156,78,0.5384615384615384,0.46153846153846156,0.0,1.539749697921165,train
1bja.A,/wynton/group/kortemme/alexjli/data/framediff_ingraham/pdb_pkls/1bja.A.pkl,pdb_chains/bj/1bja.A.pdb,1,homomer,134,95,0.29473684210526313,0.6105263157894737,0.09473684210526316,1.3777869139419283,train
4bjh.B,/wynton/group/kortemme/alexjli/data/framediff_ingraham/pdb_pkls/4bjh.B.pkl,pdb_chains/bj/4bjh.B.pdb,1,homomer,537,291,0.38831615120274915,0.436426116838488,0.17525773195876287,1.9631727463629445,train
4bj1.A,/wynton/group/kortemme/alexjli/data/framediff_ingraham/pdb_pkls/4bj1.A.pkl,pdb_chains/bj/4bj1.A.pdb,1,homomer,264,261,0.2988505747126437,0.5670498084291188,0.13409961685823754,2.2396658080770573,train
4bjj.A,/wynton/group/kortemme/alexjli/data/framediff_ingraham/pdb_pkls/4bjj.A.pkl,pdb_chains/bj/4bjj.A.pdb,1,homomer,139,106,0.46226415094339623,0.2358490566037736,0.3018867924528302,1.6397471025314112,train
2bjn.B,/wynton/group/kortemme/alexjli/data/framediff_ingraham/pdb_pkls/2bjn.B.pkl,pdb_chains/bj/2bjn.B.pdb,1,homomer,222,149,0.3221476510067114,0.5100671140939598,0.1610738255033557,1.5439669587431473,train
4bjm.C,/wynton/group/kortemme/alexjli/data/framediff_ingraham/pdb_pkls/4bjm.C.pkl,pdb_chains/bj/4bjm.C.pdb,1,homomer,233,215,0.24186046511627907,0.7581395348837209,0.0,2.3877412999767134,train
2bjf.A,/wynton/group/kortemme/alexjli/data/framediff_ingraham/pdb_pkls/2bjf.A.pkl,pdb_chains/bj/2bjf.A.pdb,1,homomer,644,328,0.4603658536585366,0.20426829268292682,0.3353658536585366,2.1224215685195933,val
3bjq.A,/wynton/group/kortemme/alexjli/data/framediff_ingraham/pdb_pkls/3bjq.A.pkl,pdb_chains/bj/3bjq.A.pdb,1,homomer,440,296,0.39864864864864863,0.34459459459459457,0.25675675675675674,2.205592147115629,train
3bjs.A,/wynton/group/kortemme/alexjli/data/framediff_ingraham/pdb_pkls/3bjs.A.pkl,pdb_chains/bj/3bjs.A.pdb,1,homomer,384,370,0.44054054054054054,0.37027027027027026,0.1891891891891892,2.011453722186627,train
4bjj.B,/wynton/group/kortemme/alexjli/data/framediff_ingraham/pdb_pkls/4bjj.B.pkl,pdb_chains/bj/4bjj.B.pdb,1,homomer,96,85,0.611764705882353,0.0,0.38823529411764707,1.5087965841812072,train
1bjx.A,/wynton/group/kortemme/alexjli/data/framediff_ingraham/pdb_pkls/1bjx.A.pkl,pdb_chains/bj/1bjx.A.pdb,1,homomer,110,110,0.4727272727272727,0.34545454545454546,0.18181818181818182,1.4602745592031825,test
1rj8.A,/wynton/group/kortemme/alexjli/data/framediff_ingraham/pdb_pkls/1rj8.A.pkl,pdb_chains/rj/1rj8.A.pdb,1,homomer,191,140,0.37857142857142856,0.05,0.5714285714285714,1.5215820295207547,train
1rj9.A,/wynton/group/kortemme/alexjli/data/framediff_ingraham/pdb_pkls/1rj9.A.pkl,pdb_chains/rj/1rj9.A.pdb,1,homomer,458,277,0.4223826714801444,0.45126353790613716,0.1263537906137184,1.9969751702247591,train
3rjr.B,/wynton/group/kortemme/alexjli/data/framediff_ingraham/pdb_pkls/3rjr.B.pkl,pdb_chains/rj/3rjr.B.pdb,1,homomer,330,330,0.44545454545454544,0.21818181818181817,0.33636363636363636,2.716740000966022,train
3rja.A,/wynton/group/kortemme/alexjli/data/framediff_ingraham/pdb_pkls/3rja.A.pkl,pdb_chains/rj/3rja.A.pdb,1,homomer,1099,473,0.42917547568710357,0.3488372093023256,0.2219873150105708,2.226122359590979,train
3rj2.X,/wynton/group/kortemme/alexjli/data/framediff_ingraham/pdb_pkls/3rj2.X.pkl,pdb_chains/rj/3rj2.X.pdb,1,homomer,202,133,0.40601503759398494,0.12030075187969924,0.47368421052631576,1.4238358894974052,train
2rjo.A,/wynton/group/kortemme/alexjli/data/framediff_ingraham/pdb_pkls/2rjo.A.pkl,pdb_chains/rj/2rjo.A.pdb,1,homomer,446,322,0.33229813664596275,0.45652173913043476,0.2111801242236025,1.9777900636757162,train
2rjn.A,/wynton/group/kortemme/alexjli/data/framediff_ingraham/pdb_pkls/2rjn.A.pkl,pdb_chains/rj/2rjn.A.pdb,1,homomer,199,135,0.34814814814814815,0.4666666666666667,0.18518518518518517,1.4713224690307312,train
1rjm.A,/wynton/group/kortemme/alexjli/data/framediff_ingraham/pdb_pkls/1rjm.A.pkl,pdb_chains/rj/1rjm.A.pdb,1,homomer,303,239,0.3389121338912134,0.4686192468619247,0.19246861924686193,1.7078064839328995,train
1rjj.A,/wynton/group/kortemme/alexjli/data/framediff_ingraham/pdb_pkls/1rjj.A.pkl,pdb_chains/rj/1rjj.A.pdb,1,homomer,111,111,0.36936936936936937,0.3333333333333333,0.2882882882882883,1.5918635519288984,train
3rjt.A,/wynton/group/kortemme/alexjli/data/framediff_ingraham/pdb_pkls/3rjt.A.pkl,pdb_chains/rj/3rjt.A.pdb,1,homomer,506,214,0.37383177570093457,0.514018691588785,0.11214953271028037,1.7002438244758302,train
1rjg.A,/wynton/group/kortemme/alexjli/data/framediff_ingraham/pdb_pkls/1rjg.A.pkl,pdb_chains/rj/1rjg.A.pdb,1,homomer,312,291,0.3127147766323024,0.5189003436426117,0.1718213058419244,1.8624420470650833,train
3rjv.A,/wynton/group/kortemme/alexjli/data/framediff_ingraham/pdb_pkls/3rjv.A.pkl,pdb_chains/rj/3rjv.A.pdb,1,homomer,389,208,0.27403846153846156,0.7163461538461539,0.009615384615384616,1.7859540349473921,train
2rjq.A,/wynton/group/kortemme/alexjli/data/framediff_ingraham/pdb_pkls/2rjq.A.pkl,pdb_chains/rj/2rjq.A.pdb,1,homomer,380,292,0.5068493150684932,0.3047945205479452,0.18835616438356165,1.9219179529726194,train
2rjb.A,/wynton/group/kortemme/alexjli/data/framediff_ingraham/pdb_pkls/2rjb.A.pkl,pdb_chains/rj/2rjb.A.pdb,1,homomer,617,418,0.30861244019138756,0.49282296650717705,0.19856459330143542,2.2950474052699894,test
3rjo.A,/wynton/group/kortemme/alexjli/data/framediff_ingraham/pdb_pkls/3rjo.A.pkl,pdb_chains/rj/3rjo.A.pdb,1,homomer,555,408,0.2549019607843137,0.6397058823529411,0.1053921568627451,2.4205131925490115,train
1rjh.A,/wynton/group/kortemme/alexjli/data/framediff_ingraham/pdb_pkls/1rjh.A.pkl,pdb_chains/rj/1rjh.A.pdb,1,homomer,118,118,0.6186440677966102,0.1864406779661017,0.19491525423728814,1.3739499625822882,val
2rji.A,/wynton/group/kortemme/alexjli/data/framediff_ingraham/pdb_pkls/2rji.A.pkl,pdb_chains/rj/2rji.A.pdb,1,homomer,132,84,0.35714285714285715,0.6428571428571429,0.0,1.1868515697607744,test
3lp5.A,/wynton/group/kortemme/alexjli/data/framediff_ingraham/pdb_pkls/3lp5.A.pkl,pdb_chains/lp/3lp5.A.pdb,1,homomer,406,250,0.42,0.376,0.204,1.7261099371338289,train
1lp1.A,/wynton/group/kortemme/alexjli/data/framediff_ingraham/pdb_pkls/1lp1.A.pkl,pdb_chains/lp/1lp1.A.pdb,1,homomer,156,55,0.21818181818181817,0.7818181818181819,0.0,1.274424992434361,train
2lp6.A,/wynton/group/kortemme/alexjli/data/framediff_ingraham/pdb_pkls/2lp6.A.pkl,pdb_chains/lp/2lp6.A.pdb,1,homomer,91,91,0.4725274725274725,0.054945054945054944,0.4725274725274725,1.2493577482238538,train
3lpz.A,/wynton/group/kortemme/alexjli/data/framediff_ingraham/pdb_pkls/3lpz.A.pkl,pdb_chains/lp/3lpz.A.pdb,1,homomer,535,314,0.2898089171974522,0.697452229299363,0.012738853503184714,2.618097208962527,train
3lp8.A,/wynton/group/kortemme/alexjli/data/framediff_ingraham/pdb_pkls/3lp8.A.pkl,pdb_chains/lp/3lp8.A.pdb,1,homomer,649,421,0.35629453681710216,0.332541567695962,0.31116389548693585,2.085850830398333,train
4lps.A,/wynton/group/kortemme/alexjli/data/framediff_ingraham/pdb_pkls/4lps.A.pkl,pdb_chains/lp/4lps.A.pdb,1,homomer,395,215,0.4046511627906977,0.4186046511627907,0.17674418604651163,1.674805632515404,train
5lpe.A,/wynton/group/kortemme/alexjli/data/framediff_ingraham/pdb_pkls/5lpe.A.pkl,pdb_chains/lp/5lpe.A.pdb,1,homomer,280,204,0.5343137254901961,0.09803921568627451,0.36764705882352944,1.6184563809747088,train
2lpe.A,/wynton/group/kortemme/alexjli/data/framediff_ingraham/pdb_pkls/2lpe.A.pkl,pdb_chains/lp/2lpe.A.pdb,1,homomer,149,149,0.46308724832214765,0.5369127516778524,0.0,1.6023463627134567,train
3lpq.B,/wynton/group/kortemme/alexjli/data/framediff_ingraham/pdb_pkls/3lpq.B.pkl,pdb_chains/lp/3lpq.B.pdb,1,homomer,121,74,0.7162162162162162,0.16216216216216217,0.12162162162162163,1.562814422849817,train
3lpx.A,/wynton/group/kortemme/alexjli/data/framediff_ingraham/pdb_pkls/3lpx.A.pkl,pdb_chains/lp/3lpx.A.pdb,1,homomer,506,462,0.3961038961038961,0.45670995670995673,0.1471861471861472,3.0065800755497665,train
1lp9.E,/wynton/group/kortemme/alexjli/data/framediff_ingraham/pdb_pkls/1lp9.E.pkl,pdb_chains/lp/1lp9.E.pdb,1,homomer,241,194,0.520618556701031,0.05154639175257732,0.42783505154639173,2.2027578475795644,train
3lpx.B,/wynton/group/kortemme/alexjli/data/framediff_ingraham/pdb_pkls/3lpx.B.pkl,pdb_chains/lp/3lpx.B.pdb,1,homomer,493,458,0.4039301310043668,0.45633187772925765,0.13973799126637554,2.956659488557332,train
4lpl.A,/wynton/group/kortemme/alexjli/data/framediff_ingraham/pdb_pkls/4lpl.A.pkl,pdb_chains/lp/4lpl.A.pdb,1,homomer,258,142,0.4647887323943662,0.04929577464788732,0.4859154929577465,1.4314072926834989,train
2lpu.A,/wynton/group/kortemme/alexjli/data/framediff_ingraham/pdb_pkls/2lpu.A.pkl,pdb_chains/lp/2lpu.A.pdb,1,homomer,148,148,0.4864864864864865,0.1891891891891892,0.32432432432432434,1.5291538363058306,train
5lpe.B,/wynton/group/kortemme/alexjli/data/framediff_ingraham/pdb_pkls/5lpe.B.pkl,pdb_chains/lp/5lpe.B.pdb,1,homomer,258,202,0.5247524752475248,0.10396039603960396,0.3712871287128713,1.6180017419617938,train
2lpm.A,/wynton/group/kortemme/alexjli/data/framediff_ingraham/pdb_pkls/2lpm.A.pkl,pdb_chains/lp/2lpm.A.pdb,1,homomer,123,123,0.6097560975609756,0.3008130081300813,0.08943089430894309,1.4076634075297534,train
3lpa.A,/wynton/group/kortemme/alexjli/data/framediff_ingraham/pdb_pkls/3lpa.A.pkl,pdb_chains/lp/3lpa.A.pdb,1,homomer,497,340,0.5264705882352941,0.2911764705882353,0.18235294117647058,1.8720239396120935,train
2lpn.A,/wynton/group/kortemme/alexjli/data/framediff_ingraham/pdb_pkls/2lpn.A.pkl,pdb_chains/lp/2lpn.A.pdb,1,homomer,105,105,0.44761904761904764,0.5523809523809524,0.0,1.2689617093794041,train
1lpa.A,/wynton/group/kortemme/alexjli/data/framediff_ingraham/pdb_pkls/1lpa.A.pkl,pdb_chains/lp/1lpa.A.pdb,1,homomer,85,85,0.6705882352941176,0.03529411764705882,0.29411764705882354,1.2769150184918825,train
1lpv.A,/wynton/group/kortemme/alexjli/data/framediff_ingraham/pdb_pkls/1lpv.A.pkl,pdb_chains/lp/1lpv.A.pdb,1,homomer,54,52,0.6730769230769231,0.3269230769230769,0.0,1.2420177136811745,train
2lp7.A,/wynton/group/kortemme/alexjli/data/framediff_ingraham/pdb_pkls/2lp7.A.pkl,pdb_chains/lp/2lp7.A.pdb,1,homomer,59,59,0.3728813559322034,0.4915254237288136,0.13559322033898305,2.339740539832189,test
3lpm.A,/wynton/group/kortemme/alexjli/data/framediff_ingraham/pdb_pkls/3lpm.A.pkl,pdb_chains/lp/3lpm.A.pdb,1,homomer,287,222,0.3918918918918919,0.2972972972972973,0.3108108108108108,1.7561820219612987,train
4lpq.A,/wynton/group/kortemme/alexjli/data/framediff_ingraham/pdb_pkls/4lpq.A.pkl,pdb_chains/lp/4lpq.A.pdb,1,homomer,481,204,0.46568627450980393,0.23039215686274508,0.30392156862745096,1.7306853203255552,train
1lp8.A,/wynton/group/kortemme/alexjli/data/framediff_ingraham/pdb_pkls/1lp8.A.pkl,pdb_chains/lp/1lp8.A.pdb,1,homomer,452,254,0.3858267716535433,0.38188976377952755,0.23228346456692914,1.844381630637325,test
1z3x.A,/wynton/group/kortemme/alexjli/data/framediff_ingraham/pdb_pkls/1z3x.A.pkl,pdb_chains/z3/1z3x.A.pdb,1,homomer,668,236,0.4279661016949153,0.5635593220338984,0.00847457627118644,1.9527490387191562,train
2z3x.A,/wynton/group/kortemme/alexjli/data/framediff_ingraham/pdb_pkls/2z3x.A.pkl,pdb_chains/z3/2z3x.A.pdb,1,homomer,63,56,0.30357142857142855,0.6964285714285714,0.0,1.2416945554673848,train
1z3s.A,/wynton/group/kortemme/alexjli/data/framediff_ingraham/pdb_pkls/1z3s.A.pkl,pdb_chains/z3/1z3s.A.pdb,1,homomer,330,216,0.5462962962962963,0.1527777777777778,0.30092592592592593,1.6413789862125432,train
2z3t.A,/wynton/group/kortemme/alexjli/data/framediff_ingraham/pdb_pkls/2z3t.A.pkl,pdb_chains/z3/2z3t.A.pdb,1,homomer,514,385,0.35064935064935066,0.5428571428571428,0.10649350649350649,2.0875776998791187,train
1z3z.A,/wynton/group/kortemme/alexjli/data/framediff_ingraham/pdb_pkls/1z3z.A.pkl,pdb_chains/z3/1z3z.A.pdb,1,homomer,468,431,0.4385150812064965,0.3851508120649652,0.17633410672853828,2.1934593482283593,train
2z3v.A,/wynton/group/kortemme/alexjli/data/framediff_ingraham/pdb_pkls/2z3v.A.pkl,pdb_chains/z3/2z3v.A.pdb,1,homomer,227,137,0.32116788321167883,0.46715328467153283,0.2116788321167883,1.5676919111735834,train
2z3g.B,/wynton/group/kortemme/alexjli/data/framediff_ingraham/pdb_pkls/2z3g.B.pkl,pdb_chains/z3/2z3g.B.pdb,1,homomer,324,127,0.4409448818897638,0.30708661417322836,0.25196850393700787,1.4884861962278488,train
1z3a.A,/wynton/group/kortemme/alexjli/data/framediff_ingraham/pdb_pkls/1z3a.A.pkl,pdb_chains/z3/1z3a.A.pdb,1,homomer,272,156,0.4230769230769231,0.38461538461538464,0.19230769230769232,1.5577538694578337,train
1z3e.B,/wynton/group/kortemme/alexjli/data/framediff_ingraham/pdb_pkls/1z3e.B.pkl,pdb_chains/z3/1z3e.B.pdb,1,homomer,112,67,0.3880597014925373,0.582089552238806,0.029850746268656716,1.1310834577089308,train
2z39.A,/wynton/group/kortemme/alexjli/data/framediff_ingraham/pdb_pkls/2z39.A.pkl,pdb_chains/z3/2z39.A.pdb,1,homomer,473,246,0.532520325203252,0.44715447154471544,0.02032520325203252,1.734455781245601,train
2z30.B,/wynton/group/kortemme/alexjli/data/framediff_ingraham/pdb_pkls/2z30.B.pkl,pdb_chains/z3/2z30.B.pdb,1,homomer,155,65,0.35384615384615387,0.27692307692307694,0.36923076923076925,1.2606081021395572,train
1z3e.A,/wynton/group/kortemme/alexjli/data/framediff_ingraham/pdb_pkls/1z3e.A.pkl,pdb_chains/z3/1z3e.A.pdb,1,homomer,221,119,0.42016806722689076,0.42857142857142855,0.15126050420168066,1.4923640738544899,test
2ozz.A,/wynton/group/kortemme/alexjli/data/framediff_ingraham/pdb_pkls/2ozz.A.pkl,pdb_chains/oz/2ozz.A.pdb,1,homomer,353,230,0.3565217391304348,0.4217391304347826,0.2217391304347826,1.9523439945776404,train
2ozb.E,/wynton/group/kortemme/alexjli/data/framediff_ingraham/pdb_pkls/2ozb.E.pkl,pdb_chains/oz/2ozb.E.pdb,1,homomer,314,240,0.30833333333333335,0.6916666666666667,0.0,2.2571150299564966,train
4ozv.A,/wynton/group/kortemme/alexjli/data/framediff_ingraham/pdb_pkls/4ozv.A.pkl,pdb_chains/oz/4ozv.A.pdb,1,homomer,441,333,0.32432432432432434,0.6576576576576577,0.018018018018018018,1.9066144186946319,train
2oza.A,/wynton/group/kortemme/alexjli/data/framediff_ingraham/pdb_pkls/2oza.A.pkl,pdb_chains/oz/2oza.A.pdb,1,homomer,364,332,0.4397590361445783,0.37650602409638556,0.18373493975903615,2.2865182112890348,train
1ozn.A,/wynton/group/kortemme/alexjli/data/framediff_ingraham/pdb_pkls/1ozn.A.pkl,pdb_chains/oz/1ozn.A.pdb,1,homomer,641,284,0.7359154929577465,0.0880281690140845,0.176056338028169,2.254961034002049,train
1oz9.A,/wynton/group/kortemme/alexjli/data/framediff_ingraham/pdb_pkls/1oz9.A.pkl,pdb_chains/oz/1oz9.A.pdb,1,homomer,191,141,0.2695035460992908,0.5106382978723404,0.2198581560283688,1.4959619076839579,train
3ozb.A,/wynton/group/kortemme/alexjli/data/framediff_ingraham/pdb_pkls/3ozb.A.pkl,pdb_chains/oz/3ozb.A.pdb,1,homomer,256,241,0.49377593360995853,0.27385892116182575,0.23236514522821577,1.7302192678637394,train
4ozx.A,/wynton/group/kortemme/alexjli/data/framediff_ingraham/pdb_pkls/4ozx.A.pkl,pdb_chains/oz/4ozx.A.pdb,1,homomer,468,285,0.5508771929824562,0.05263157894736842,0.39649122807017545,1.8057161368020347,train
2oze.A,/wynton/group/kortemme/alexjli/data/framediff_ingraham/pdb_pkls/2oze.A.pkl,pdb_chains/oz/2oze.A.pdb,1,homomer,541,284,0.3274647887323944,0.528169014084507,0.1443661971830986,1.8791026580536279,train
2ozg.A,/wynton/group/kortemme/alexjli/data/framediff_ingraham/pdb_pkls/2ozg.A.pkl,pdb_chains/oz/2ozg.A.pdb,1,homomer,658,388,0.3324742268041237,0.31443298969072164,0.35309278350515466,2.228060155910963,train
2ozh.A,/wynton/group/kortemme/alexjli/data/framediff_ingraham/pdb_pkls/2ozh.A.pkl,pdb_chains/oz/2ozh.A.pdb,1,homomer,399,142,0.43661971830985913,0.3380281690140845,0.22535211267605634,1.6016500993031229,train
3oz6.A,/wynton/group/kortemme/alexjli/data/framediff_ingraham/pdb_pkls/3oz6.A.pkl,pdb_chains/oz/3oz6.A.pdb,1,homomer,393,343,0.4227405247813411,0.4518950437317784,0.12536443148688048,2.107642398291037,train
1ozj.B,/wynton/group/kortemme/alexjli/data/framediff_ingraham/pdb_pkls/1ozj.B.pkl,pdb_chains/oz/1ozj.B.pdb,1,homomer,133,124,0.4112903225806452,0.4435483870967742,0.14516129032258066,1.3713547431973734,train
2ozj.A,/wynton/group/kortemme/alexjli/data/framediff_ingraham/pdb_pkls/2ozj.A.pkl,pdb_chains/oz/2ozj.A.pdb,1,homomer,157,109,0.44954128440366975,0.03669724770642202,0.5229357798165137,1.4134435074736675,train
2ozu.A,/wynton/group/kortemme/alexjli/data/framediff_ingraham/pdb_pkls/2ozu.A.pkl,pdb_chains/oz/2ozu.A.pdb,1,homomer,392,254,0.4015748031496063,0.36220472440944884,0.23622047244094488,1.9443375840299506,train
4ozu.A,/wynton/group/kortemme/alexjli/data/framediff_ingraham/pdb_pkls/4ozu.A.pkl,pdb_chains/oz/4ozu.A.pdb,1,homomer,755,390,0.5128205128205128,0.035897435897435895,0.4512820512820513,2.0022519056298567,train
2ozn.A,/wynton/group/kortemme/alexjli/data/framediff_ingraham/pdb_pkls/2ozn.A.pkl,pdb_chains/oz/2ozn.A.pdb,1,homomer,315,133,0.3383458646616541,0.0,0.6616541353383458,1.543813964803581,train
2ozt.A,/wynton/group/kortemme/alexjli/data/framediff_ingraham/pdb_pkls/2ozt.A.pkl,pdb_chains/oz/2ozt.A.pdb,1,homomer,706,321,0.38317757009345793,0.3925233644859813,0.22429906542056074,2.068843136582863,train
2ozn.B,/wynton/group/kortemme/alexjli/data/framediff_ingraham/pdb_pkls/2ozn.B.pkl,pdb_chains/oz/2ozn.B.pdb,1,homomer,267,131,0.4198473282442748,0.5572519083969466,0.022900763358778626,1.7969550530746776,train
4ozj.A,/wynton/group/kortemme/alexjli/data/framediff_ingraham/pdb_pkls/4ozj.A.pkl,pdb_chains/oz/4ozj.A.pdb,1,homomer,177,104,0.3557692307692308,0.3173076923076923,0.3269230769230769,1.4997646485797966,train
3ozh.A,/wynton/group/kortemme/alexjli/data/framediff_ingraham/pdb_pkls/3ozh.A.pkl,pdb_chains/oz/3ozh.A.pdb,1,homomer,656,351,0.46438746438746437,0.33903133903133903,0.19658119658119658,1.9945140156707752,train
2oz8.A,/wynton/group/kortemme/alexjli/data/framediff_ingraham/pdb_pkls/2oz8.A.pkl,pdb_chains/oz/2oz8.A.pdb,1,homomer,525,371,0.40431266846361186,0.353099730458221,0.24258760107816713,2.064754784443071,train
2ozv.A,/wynton/group/kortemme/alexjli/data/framediff_ingraham/pdb_pkls/2ozv.A.pkl,pdb_chains/oz/2ozv.A.pdb,1,homomer,474,207,0.4106280193236715,0.32367149758454106,0.27053140096618356,1.7190549500732493,train
3oz6.B,/wynton/group/kortemme/alexjli/data/framediff_ingraham/pdb_pkls/3oz6.B.pkl,pdb_chains/oz/3oz6.B.pdb,1,homomer,388,341,0.41055718475073316,0.4604105571847507,0.12903225806451613,2.098684588979889,train
3ozq.A,/wynton/group/kortemme/alexjli/data/framediff_ingraham/pdb_pkls/3ozq.A.pkl,pdb_chains/oz/3ozq.A.pdb,1,homomer,469,364,0.3598901098901099,0.29945054945054944,0.34065934065934067,2.14398812634888,train
2oz4.A,/wynton/group/kortemme/alexjli/data/framediff_ingraham/pdb_pkls/2oz4.A.pkl,pdb_chains/oz/2oz4.A.pdb,1,homomer,395,265,0.36981132075471695,0.05660377358490566,0.5735849056603773,3.578957089559845,train
3r0a.A,/wynton/group/kortemme/alexjli/data/framediff_ingraham/pdb_pkls/3r0a.A.pkl,pdb_chains/r0/3r0a.A.pdb,1,homomer,142,120,0.275,0.525,0.2,1.7902674438425217,train
2r0b.A,/wynton/group/kortemme/alexjli/data/framediff_ingraham/pdb_pkls/2r0b.A.pkl,pdb_chains/r0/2r0b.A.pdb,1,homomer,268,151,0.36423841059602646,0.4768211920529801,0.15894039735099338,1.475055057210301,train